Surface,✓,Stick date,Stick num,Opto date,Opto num,Bio date,Bio num,MINC label,Surface Location,Data Location 1,Data location 2,Processed,Operator,Notes
Acrylic,✓,20170221,2,20170221,2,20170222,2,plastic,HaTT,Seagate,Lab server,Yes,Alex,
Canvas 2,✓,20170221,3,20170221,3,20170222,3,fabric,HaTT,Seagate,Lab server,Yes,Alex,
Carpet A,✓,20170221,48,20170222,1,20170223,20,carpet,HaTT,Seagate,Lab server,Yes,Alex,
Carpet C,✓,20170221,52,20170222,5,20170223,24,carpet,HaTT,Seagate,Lab server,Yes,Alex,
Cotton,✓,20170221,34,20170221,35,20170223,3,other,HaTT,Seagate,Lab server,Yes,Alex,
Denim,✓,20170221,31,20170221,32,20170222,30,fabric,HaTT,Seagate,Lab server,Yes,Alex,
Felt,✓,20170221,15,20170221,14,20170222,14,fabric,HaTT,Seagate,Lab server,Yes,Alex,
Floor Tile A,✓,20170221,30,20170221,31,20170222,29,tile,HaTT,Seagate,Lab server,Yes,Alex,
Folder,✓,20170221,35,20170221,36,20170223,4,paper,HaTT,Seagate,Lab server,Yes,Alex,
Leather A (back),✓,20170221,22,20170221,21,20170222,21,leather,HaTT,Seagate,Lab server,Yes,Alex,
Leather B (back),✓,20170221,57,20170222,11,20170223,30,leather,HaTT,Seagate,Lab server,Yes,Alex,
Leather B (front),,20170221,26,,,20170222,25,leather,HaTT,Seagate,Lab server,Yes,Alex,
Nitrile Glove,✓,20170221,43,20170221,45,20170223,15,other,HaTT,Seagate,Lab server,Yes,Alex,
Nylon Bag,✓,20170221,46,20170221,48,20170223,18,fabric,HaTT,Seagate,Lab server,Yes,Alex,
Nylon Mesh,✓,20170221,29,20170221,30,20170222,28,other,HaTT,Seagate,Lab server,Yes,Alex,
Nylon Strap,,20170221,8,20170221,7,20170222,7,fabric,HaTT,Seagate,Lab server,Yes,Alex,
Paper Bag,✓,20170221,23,20170221,22,20170222,22,paper,HaTT,Seagate,Lab server,Yes,Alex,
Portfolio Cover,✓,20170221,36,20170221,37,20170223,5,leather,HaTT,Seagate,Lab server,Yes,Alex,
Silk 2,✓,20170221,12,20170221,11,20170222,11,fabric,HaTT,Seagate,Lab server,Yes,Alex,
Small Plastic Mesh,✓,20170221,28,20170221,28,20170222,27,other,HaTT,Seagate,Lab server,Yes,Alex,
Textured Cloth,✓,20170221,33,20170221,34,20170223,2,fabric,HaTT,Seagate,Lab server,Yes,Alex,
Textured Paper,✓,20170221,51,20170222,4,20170223,23,paper,HaTT,Seagate,Lab server,Yes,Alex,
Vinyl A,✓,20170221,11,20170221,10,20170222,10,leather,HaTT,Seagate,Lab server,Yes,Alex,
ABS,✓,20170221,1,20170221,1,20170222,1,plastic,HaTT (NYC),Seagate,Lab server,Yes,Alex,
Carpet D,✓,20170221,39,20170221,41,20170223,8,carpet,HaTT (NYC),Seagate,Lab server,Yes,Alex,
Floor Tile B,✓,20170221,59,20170222,13,20170223,32,tile,HaTT (NYC),Seagate,Lab server,Yes,Alex,
Large Plastic Mesh,✓,20170221,58,20170222,12,20170223,31,other,HaTT (NYC),Seagate,Lab server,Yes,Alex,
Playing Card,✓,20170221,24,20170221,23,20170222,23,paper,HaTT (NYC),Seagate,Lab server,Yes,Alex,
Stained Wood,✓,20170221,14,20170221,13,20170222,13,wood,HaTT (NYC),Seagate,Lab server,Yes,Alex,
Towel,✓,20170221,42,20170221,44,20170223,14,fabric,HaTT (NYC),Seagate,Lab server,Yes,Alex,
Vinyl B,✓,20170221,13,20170221,12,20170222,12,leather,HaTT (NYC),Seagate,Lab server,Yes,Alex,
Desktop computer case,,20170227,1,20170301,7,20170301,5,plastic,Haptics lab,Seagate,Lab server,Yes,Alex,
Filing cabinet,,20170227,11,20170301,11,20170301,11,metal,Haptics lab,Seagate,Lab server,Yes,Alex,
Ice maker,,20170227,8,20170301,4,20170301,14,plastic,Haptics lab,Seagate,Lab server,Yes,Alex,
Lab desk,,20170227,3,20170301,1,20170301,4,painted,Haptics lab,Seagate,Lab server,Yes,Alex,
Phantom demo desk,,20170227,5,20170301,5,20170301,7,painted,Haptics lab,Seagate,Lab server,Yes,Alex,
Printer,,20170227,6,20170301,3,20170301,17,plastic,Haptics lab,Seagate,Lab server,Yes,Alex,
Round table,,20170227,7,20170301,2,20170301,16,wood,Haptics lab,Seagate,Lab server,Yes,Alex,
Tile floor,,20170227,13,20170301,13,20170301,13,tile,Haptics lab,Seagate,Lab server,Yes,Alex,
Tool cabinet,,20170227,12,20170301,12,20170301,10,metal,Haptics lab,Seagate,Lab server,Yes,Alex,
Toolbox topper,,20170227,10,20170301,10,20170301,12,other,Haptics lab,Seagate,Lab server,Yes,Alex,
Wood picture frame backing,,20170227,4,20170301,15,20170301,1,wood,Haptics lab,Seagate,Lab server,Yes,Alex,
Wood table,,20170227,2,20170301,6,20170301,3,wood,Haptics lab,Seagate,Lab server,Yes,Alex,
Brick,,20170303,15,20170303,9,20170303,8,brick,BOLT,Seagate,Lab server,Yes,Alex,
Cork,,20170303,14,20170303,5,20170303,9,wood,BOLT,Seagate,Lab server,Yes,Alex,
Gelatin,,20170303,12,20170303,6,20170303,5,other,BOLT,Seagate,Lab server,Yes,Alex,
Metal bar,✓,20170303,11,20170303,4,20170303,7,metal,BOLT,Seagate,Lab server,Yes,Alex,
Welded metal,,20170303,13,20170303,7,20170303,10,metal,BOLT,Seagate,Lab server,Yes,Alex,
Ceramic,,20170303,5,,,,,ceramic,HaTT,Seagate,Lab server,Yes,Alex,Too small for opto/bio
Flannel,✓,20170303,4,20170303,2,20170303,2,fabric,HaTT,Seagate,Lab server,Yes,Alex,
Fleece,✓,20170303,3,20170303,1,20170303,3,fabric,HaTT,Seagate,Lab server,Yes,Alex,
Rug slip,✓,20170303,9,20170303,3,20170303,1,other,HaTT,Seagate,Lab server,Yes,Alex,
Stone tile A,,20170303,6,,,,,tile,HaTT,Seagate,Lab server,Yes,Alex,Too rough for opto/bio
Stone tile B,,20170303,7,,,,,tile,HaTT,Seagate,Lab server,Yes,Alex,Too rough for opto/bio
Terra cotta,,20170303,8,,,,,stone,HaTT,Seagate,Lab server,Yes,Alex,Too small for opto/bio
Sandpaper 100,,20170303,1,,,,,other,HaTT (NYC),Seagate,Lab server,Yes,Alex,Too rough for opto/bio
Sandpaper 320,,20170303,2,,,,,other,HaTT (NYC),Seagate,Lab server,Yes,Alex,Too rough for opto/bio
Cloth 407,,20170304,6,20170304,3,20170304,4,fabric,BOLT,Seagate,Lab server,Yes,Alex,
Hard sponge,,20170304,7,20170304,7,20170304,6,other,BOLT,Seagate,Lab server,Yes,Alex,
Leather 403,,20170304,4,20170304,4,20170304,3,leather,BOLT,Seagate,Lab server,Yes,Alex,
Orange foam,,20170304,9,20170304,5,20170304,8,fabric,BOLT,Seagate,Lab server,Yes,Alex,
Rough sponge,,20170304,2,20170303,10,20170304,1,other,BOLT,Seagate,Lab server,Yes,Alex,
Sock,,20170304,1,20170304,1,20170304,2,fabric,BOLT,Seagate,Lab server,Yes,Alex,
Soft sponge,,20170304,8,20170304,6,20170304,7,other,BOLT,Seagate,Lab server,Yes,Alex,
Yellow felt,,20170304,5,20170304,2,20170304,5,fabric,BOLT,Seagate,Lab server,Yes,Alex,
Cloth covered foam,,20170307,3,20170307,6,20170306,5,fabric,BOLT,Seagate,Lab server,Yes,Alex,
Journal cover,,20170307,4,20170307,4,20170306,6,paper,BOLT,Seagate,Lab server,Yes,Alex,
Journal page,,20170307,5,20170307,5,20170306,7,paper,BOLT,Seagate,Lab server,Yes,Alex,
Layered foam,,20170307,6,20170307,9,20170306,8,other,BOLT,Seagate,Lab server,Yes,Alex,
Tissue pack,,20170307,1,20170307,8,20170306,4,other,BOLT,Seagate,Lab server,Yes,Alex,
Whiteboard eraser (back),,20170307,7,20170307,1,20170306,2,other,BOLT,Seagate,Lab server,Yes,Alex,
Whiteboard eraser (board side),,20170307,8,20170307,2,20170306,1,other,BOLT,Seagate,Lab server,Yes,Alex,
Leather bench seat,,20170307,9,,,,,,Scientist poster hallway,Seagate,Lab server,Yes,Alex,
Stone tile (less busy),,20170307,14,,,,,,Skirkanich 2nd floor,Seagate,Lab server,Yes,Alex,
Stone tile (more busy),,20170307,16,,,,,,Skirkanich 3rd floor,Seagate,Lab server,Yes,Alex,
Concrete stair,,20170307,13,,,,,,Skirkanich stairway 3,Seagate,Lab server,Yes,Alex,
Shiny white tile,,20170307,17,,,,,,Towne 3 business office hallway,Seagate,Lab server,Yes,Alex,
Polished wood table,,20170307,22,,,,,,Towne 3 classroom hallway,Seagate,Lab server,Yes,Alex,
Hallway tile 1,,20170307,18,,,,,,Towne 3 hallway,Seagate,Lab server,Yes,Alex,
Hallway tile 2,,20170307,19,,,,,,Towne 3 hallway,Seagate,Lab server,Yes,Alex,
Hallway tile 3,,20170307,20,,,,,,Towne 3 hallway,Seagate,Lab server,Yes,Alex,
Leather chair,,20170307,21,,,,,,Towne 3 hallway,Seagate,Lab server,Yes,Alex,
Busy white tile,,20170307,10,,,,,,Towne/Skirkanich boundary,Seagate,Lab server,Yes,Alex,
Metal floor,,20170307,11,,,,,,Towne/Skirkanich boundary,Seagate,Lab server,Yes,Alex,
Rough stone tile,,20170307,12,,,,,,Towne/Skirkanich boundary,Seagate,Lab server,Yes,Alex,
Concrete wall,,20170309,1,,,,,,Chancellor Walk,Seagate,Lab server,Yes,Alex,
Marble bench A,,20170309,2,,,,,,Chancellor Walk,Seagate,Lab server,Yes,Alex,
Stone bench,,20170309,3,,,,,,Chancellor Walk,Seagate,Lab server,Yes,Alex,
Manila folder,,20170309,15,20170309,1,,,,Haptics lab,Seagate,Lab server,Yes,Alex,
Poster paper,,20170309,14,20170309,2,,,,Haptics lab,Seagate,Lab server,Yes,Alex,
Marble bench B,,20170309,8,,,,,,Smith Walk,Seagate,Lab server,Yes,Alex,
Black table,,20170309,13,,,,,,TBO hallway,Seagate,Lab server,Yes,Alex,
Light grey table,,20170309,12,,,,,,TBO hallway,Seagate,Lab server,Yes,Alex,
Marble wall,,20170309,11,,,,,,TBO hallway,Seagate,Lab server,Yes,Alex,
Plaster wall,,20170309,10,,,,,,Top of ramp from Accenture Cafe to Towne,Seagate,Lab server,Yes,Alex,
Curb,,20170309,4,,,,,,Towne west entrance,Seagate,Lab server,Yes,Alex,
Wood bench slat,,20170309,5,,,,,,Towne west entrance,Seagate,Lab server,Yes,Alex,
Computer table,,20170312,5,20170312,3,20170312,5,painted,West Chester,Seagate,Lab server,Yes,Alex,
Hardcover book A,,20170312,1,20170312,9,20170312,2,other,West Chester,Seagate,Lab server,Yes,Alex,
Quilted table cover,,20170312,8,20170312,8,20170312,10,fabric,West Chester,Seagate,Lab server,Yes,Alex,
Soft corrugated cushion,,20170312,10,20170312,5,20170312,7,fabric,West Chester,Seagate,Lab server,Yes,Alex,
Beige IKEA table,,20170323,6,20170323,6,20170323,10,wood,Alex's apartment,Seagate,Lab server,Yes,Alex,opto missing structure
Black IKEA table,,20170323,11,20170321,2,20170323,5,painted,Alex's apartment,Seagate,Lab server,Yes,Alex,opto missing structure
Hardcover book B,,20170323,5,20170321,1,20170323,1,other,Alex's apartment,Seagate,Lab server,Yes,Alex,opto missing structure
IKEA chair,,20170323,10,20170323,3,20170323,6,wood,Alex's apartment,Seagate,Lab server,Yes,Alex,opto missing structure
IKEA chair cushion,,20170323,9,20170323,2,20170323,7,fabric,Alex's apartment,Seagate,Lab server,Yes,Alex,opto missing structure
Polished hardwood floor,,20170323,8,20170323,4,20170323,8,wood,Alex's apartment,Seagate,Lab server,Yes,Alex,opto missing structure
Polka dotted lap desk,,20170323,4,20170323,1,20170323,4,painted,Alex's apartment,Seagate,Lab server,Yes,Alex,
Scrabble box,,20170323,1,20170323,9,20170323,3,painted,Alex's apartment,Seagate,Lab server,Yes,Alex,
Turqoise rug,,20170323,7,20170323,5,20170323,9,carpet,Alex's apartment,Seagate,Lab server,Yes,Alex,opto missing structure
Wall-to-wall carpeting,,20170323,3,20170323,7,,,carpet,Alex's apartment,Seagate,Lab server,Yes,Alex,opto missing structure; bio omitted by accident
Wood side table,,20170323,2,20170323,8,20170323,2,wood,Alex's apartment,Seagate,Lab server,Yes,Alex,opto structure corrupted
Canvas 1,,20170403,14,20170221,33,20170223,1,fabric,HaTT,Seagate,Lab server,Yes,Alex/Myles,
Dot Paper,,20170403,4,20170221,4,20170222,4,paper,HaTT,Seagate,Lab server,Yes,Alex/Myles,
Floor Tile C,,20170403,5,20170221,15,20170222,15,tile,HaTT,Seagate,Lab server,Yes,Alex/Myles,
Floor Tile D,,20170403,6,20170221,16,20170222,16,tile,HaTT,Seagate,Lab server,Yes,Alex/Myles,
Floor Tile E,,20170403,7,20170221,17,20170222,17,tile,HaTT,Seagate,Lab server,Yes,Alex/Myles,
Floor Tile F,,20170403,8,20170221,18,20170222,18,tile,HaTT,Seagate,Lab server,Yes,Alex/Myles,
Floor Tile G,,20170403,9,20170221,19,20170222,19,tile,HaTT,Seagate,Lab server,Yes,Alex/Myles,
Gift Box,,20170403,12,20170221,20,20170222,20,other,HaTT,Seagate,Lab server,Yes,Alex/Myles,
Glitter Paper,,20170403,3,20170221,5,20170222,5,other,HaTT,Seagate,Lab server,Yes,Alex/Myles,
MDF,,20170403,2,20170221,6,20170222,6,other,HaTT,Seagate,Lab server,Yes,Alex/Myles,
Microfiber Cloth,,20170403,17,20170221,40,20170223,7,fabric,HaTT,Seagate,Lab server,Yes,Alex/Myles,
Resume Paper,,20170403,16,20170221,39,20170223,6,paper,HaTT,Seagate,Lab server,Yes,Alex/Myles,
Rough Paper Plate 1,,20170403,11,20170221,9,20170222,9,paper,HaTT,Seagate,Lab server,Yes,Alex/Myles,
Silk 1,,20170403,15,20170221,27,20170222,26,fabric,HaTT,Seagate,Lab server,Yes,Alex/Myles,
Smooth Paper Plate,,20170403,10,20170221,8,20170222,8,paper,HaTT,Seagate,Lab server,Yes,Alex/Myles,
Wax Paper,,20170403,13,20170221,24,20170222,24,paper,HaTT,Seagate,Lab server,Yes,Alex/Myles,
Black lab desk,,20170404,12,20170404,2,20170405,6,painted,Haptics lab,Seagate,Lab server,Yes,Myles,
Lab rug,,20170404,13,20170404,3,20170405,7,carpet,Haptics lab,Seagate,Lab server,Yes,Myles,
Proton cart,,20170404,11,20170404,1,20170301,8,plastic,Haptics lab,Seagate,Lab server,Yes,Alex/Myles,
Binder,,20170404,9,20170222,8,20170223,26,other,HaTT,Seagate,Lab server,Yes,Alex/Myles,
Canvas 3,,20170404,5,20170221,46,20170223,16,fabric,HaTT,Seagate,Lab server,Yes,Alex/Myles,
CD Sleeve,,20170404,7,20170222,10,20170223,28,fabric,HaTT,Seagate,Lab server,Yes,Alex/Myles,
Painted Wood,,20170404,2,20170221,43,20170223,12,painted,HaTT,Seagate,Lab server,Yes,Alex/Myles,
Pleather,,20170404,6,20170222,2,20170223,21,leather,HaTT,Seagate,Lab server,Yes,Alex/Myles,
Rough Paper Plate 2,,20170404,10,20170222,7,20170223,25,paper,HaTT,Seagate,Lab server,Yes,Alex/Myles,
Tissue Paper,,20170404,8,20170222,9,20170223,27,paper,HaTT,Seagate,Lab server,Yes,Alex/Myles,
Velcro Hooks,,20170404,1,20170221,42,20170223,9,other,HaTT,Seagate,Lab server,Yes,Alex/Myles,
Whiteboard,,20170404,4,20170222,3,20170223,22,metal,HaTT,Seagate,Lab server,Yes,Alex/Myles,
Wood,,20170404,3,20170221,47,20170223,17,wood,HaTT,Seagate,Lab server,Yes,Alex/Myles,
Hallway floor 1,,20170405,5,20170404,4,20170405,5,tile,Hallway outside lab,Seagate,Lab server,Yes,Myles,
Hallway floor 2,,20170405,4,20170404,5,20170405,4,tile,Hallway outside lab,Seagate,Lab server,Yes,Myles,
Blue office chair,,20170405,7,20170405,2,20170405,11,fabric,Haptics lab,Seagate,Lab server,Yes,Myles,
Dark green office chair,,20170405,8,20170405,3,20170405,9,fabric,Haptics lab,Seagate,Lab server,Yes,Myles,
Gray office chair,,20170405,9,20170405,4,20170405,10,fabric,Haptics lab,Seagate,Lab server,Yes,Myles,
Patterned black office chair,,20170405,6,20170405,1,20170405,8,fabric,Haptics lab,Seagate,Lab server,Yes,Myles,
Plaster banister,,20170405,3,20170404,6,20170405,3,painted,Skirkanich elevator landing,Seagate,Lab server,Yes,Myles,
Smooth wooden table,,20170405,2,20170404,7,20170405,2,wood,Skirkanich elevator landing,Seagate,Lab server,Yes,Myles,
Stone stairs (dense pebble inlay),,20170406,12,20170405,8,20170406,5,polishedstone,Skirkanich,Seagate,Lab server,Yes,Myles,
Stone stairs (less dense pebble inlay),,20170406,13,20170405,9,20170406,6,polishedstone,Skirkanich,Seagate,Lab server,Yes,Myles,
Black stone bench,,20170406,14,20170405,10,20170406,7,polishedstone,Skirkanich Quain entryway,Seagate,Lab server,Yes,Myles,
Beige tile,,20170406,5,20170405,5,20170406,2,tile,Towne/Skirkanich boundary,Seagate,Lab server,Yes,Myles,
Stone banister,,20170406,11,20170405,7,20170406,4,stone,Towne/Skirkanich boundary,Seagate,Lab server,Yes,Myles,
Stone tile,,20170406,6,20170405,6,20170406,3,tile,Towne/Skirkanich boundary,Seagate,Lab server,Yes,Myles,
Brick 1 (outside),,20170413,10,20170407,10,20170407,12,brick,Towne basement east entrance,Seagate,,Yes,Myles,
Brick 2 (outside),,20170413,12,20170418,4,20170420,18,brick,Towne basement east entrance,Seagate,,Yes,Myles,
Sidewalk concrete,,20170413,8,20170407,8,20170407,10,stone,Towne basement east entrance,Seagate,,Yes,Myles,
Sidewalk concrete with pebbles,,20170413,9,20170407,9,20170407,11,stone,Towne basement east entrance,Seagate,,Yes,Myles,
Granite curb,,20170413,11,20170418,3,20170420,17,polishedstone,Towne south entrance,Seagate,,Yes,Myles,
Stone stairs,,20170413,13,20170418,5,,,stone,Towne south entrance,Seagate,,Yes,Myles,
Tree stump,,20170413,14,20170418,6,20170420,16,wood,Towne south entrance,Seagate,,Yes,Myles,
Concrete floor 1,,20170413,6,20170407,6,20170420,22,stone,Towne sub-basement,Seagate,,Yes,Myles,
Concrete floor 2,,20170413,7,20170407,7,20170420,23,stone,Towne sub-basement,Seagate,,Yes,Myles,
Stone tile 1,,20170413,3,20170407,3,20170420,19,tile,Towne sub-basement,Seagate,,Yes,Myles,
Stone tile 2,,20170413,4,20170407,4,20170420,20,tile,Towne sub-basement,Seagate,,Yes,Myles,
Stone tile 3,,20170413,5,20170407,5,20170420,21,tile,Towne sub-basement,Seagate,,Yes,Myles,
Plastic covering (???),,20170413,15,20170418,7,20170420,15,plastic,Towne west lawn,Seagate,,Yes,Myles,
Granite counter,,20170419,5,20170418,16,20170420,5,polishedstone,Chem cafe,,,,,
Brick-like tile,,20170419,6,20170418,17,20170420,6,brick,Chem cafe,,,,,
Glossy brick,,20170419,7,20170418,18,20170420,7,brick,Chem cafe,,,,,
Stone bench,,20170419,18,20170418,8,20170420,13,polishedstone,Edgar Smith statue,,,,,
Sidewalk,,20170419,1,20170418,9,20170420,14,stone,Edgar Smith statue,,,,,
Wooden stairs,,20170419,8,20170418,19,20170420,11,wood,Vagelos,,,,,
Scratched wooden stairs,,20170419,9,20170418,20,20170420,12,wood,Vagelos,,,,,
Smooth brick,,20170419,3,20170418,12,20170420,8,brick,Vagelos patio,,,,,
Dark smooth brick,,20170419,4,20170418,15,20170420,9,brick,Vagelos patio,,,,,
Red granite railing,,20170419,2,20170418,10,20170420,10,polishedstone,Vagelos patio,,,,,
Wooden bench,,20170421,1,20170421,14,20170421,1,wood,Singh center lobby,,,,,
Polished stone floor,,20170421,2,20170421,3,20170421,3,polishedstone,Singh center lobby,,,,,
Aluminum siding(?),,20170421,3,20170421,10,20170421,2,metal,Singh center lobby,,,,,
Orange table,,20170421,4,20170421,5,20170421,4,plastic,Singh center study alcove,,,,,
Orange chair,,20170421,5,20170421,7,20170421,5,fabric,Singh center study alcove,,,,,
Plastic event table,,20170421,6,20170421,8,,,plastic,Singh center Glandt forum,,,,,
Wood floor,,20170421,7,,,,,wood,Singh center Glandt forum,,,,,
Metal cover ??,,20170421,8,,,,,metal,Singh center Glandt forum,,,,,
Dark wood bench,,20170421,9,20170421,15,20170421,11,wood,Singh center roof deck,,,,,
Rough plastic table,,20170421,10,20170421,16,20170421,12,plastic,Singh center roof deck,,,,,Very shaky; vibrations may be external
Orange carpet,,20170421,11,20170421,9,20170421,9,carpet,Singh center conference room,,,,,
Plaster column,,20170421,12,20170421,11,20170421,10,painted,Singh center conference room,,,,,
Metal handrail,,20170421,13,20170421,6,,,painted,Singh center stairway,,,,,
Orange couch,,20170421,14,20170421,2,,,leather,Singh center study alcove,,,,,
Rough stone stairs,,20170421,15,20170421,4,20170421,6,stone,Singh center stairway,,,,,
Featureless white table,,20170421,16,20170421,1,20170421,13,plastic,Singh center study alcove,,,,,
Featureless white counter,,20170421,17,20170421,13,20170421,7,plastic,Singh center first floor,,,,,
Sparkly black floor,,20170421,18,20170421,12,20170421,8,other,Singh center first floor,,,,,
White cardboard box,,20170426,6,20170427,1,20170427,1,paper,Haptics lab,SSD,,Yes,Myles,
Brown cardboard box,,20170426,7,20170427,2,20170427,2,paper,Haptics lab,SSD,,Yes,Myles,
Styrofoam under nylon,,20170426,8,20170427,3,20170427,4,fabric,Haptics lab,SSD,,Yes,Myles,
Styrofoam under Velcro loops,,20170426,9,20170427,4,20170427,5,fabric,Haptics lab,SSD,,Yes,Myles,
Oscilloscope casing (rough painted metal),,20170426,10,20170427,7,20170427,7,painted,Haptics lab,SSD,,Yes,Myles,
Polished banded wood desk,,20170426,11,20170427,5,20170427,3,wood,Haptics lab,SSD,,Yes,Myles,
Blue plastic,,20170426,12,20170427,6,20170427,6,plastic,Haptics lab,SSD,,Yes,Myles,
Door kick plate (reflective metal),,20170426,13,20170427,8,20170427,8,metal,Haptics lab,SSD,,Yes,Myles,
Black floor,,,,,,20170406,14,tile,Accenture Cafe,Seagate,Lab server,Yes,Myles,
Gray pebble floor,,,,20170308,12,,,tile,Accenture Cafe,Seagate,Lab server,Yes,Alex,
Lunch table,,,,20170308,8,20170406,11,plastic,Accenture Cafe,Seagate,Lab server,Yes,Alex,
Marbled countertop,,,,20170308,6,20170406,12,polishedstone,Accenture Cafe,Seagate,Lab server,Yes,Alex,
Metal disk on coffee counter,,,,,,20170406,13,metal,Accenture Cafe,Seagate,Lab server,Yes,Myles,
Red pebble floor,,,,20170308,11,,,tile,Accenture Cafe,Seagate,Lab server,Yes,Alex,
Rough rug,,,,20170308,10,20170406,8,carpet,Accenture Cafe,Seagate,Lab server,Yes,Alex,
Striped wood countertop,,,,20170308,7,20170406,10,wood,Accenture Cafe,Seagate,Lab server,Yes,Alex,
Notepad backing,,,,20170307,7,20170306,3,wood,BOLT,Seagate,Lab server,Yes,Alex,
Marble counter,,,,20170420,3,20170420,3,polishedstone,Carolyn Hoff Lynch lecture hall lobby,,,,,
Polished wood table,,,,20170420,4,20170420,4,wood,Carolyn Hoff Lynch lecture hall lobby,,,,,
Patterned red office chair,,,,20170308,17,,,fabric,GRASP lab,Seagate,Lab server,Yes,Alex,
Red office chair,,,,20170308,16,,,fabric,GRASP lab,Seagate,Lab server,Yes,Alex,
Robot soccer pitch (green felt),,,,20170308,18,,,fabric,GRASP lab,Seagate,Lab server,Yes,Alex,
Blanket,,,,20170221,49,20170223,19,fabric,HaTT,Seagate,Lab server,Yes,Alex,
Light tile,,,,20170419,1,20170420,1,tile,Outside Chem '73 149,,,,,
Dark tile,,,,20170419,2,20170420,2,tile,Outside Chem '73 149,,,,,
Yellow plastic caution floor sign,,,,20170308,13,,,plastic,Top of ramp from Accenture Cafe to Towne,Seagate,Lab server,Yes,Alex,
Dark pink floor tile,,,,20170308,15,,,tile,Towne 3rd floor landing (west),Seagate,Lab server,Yes,Alex,
Pink floor tile,,,,20170308,14,,,tile,Towne 3rd floor landing (west),Seagate,Lab server,Yes,Alex,
White floor tile,,,,20170420,2,,,tile,Vagelos basement,,,,,
Carpet,,,,20170418,1,,,carpet,Vagelos basement lounge,,,,,
Metal scalloped table,,,,20170418,2,,,metal,Vagelos basement lounge,,,,,
Computer desk,,,,20170420,1,,,plastic,Vagelos basement lounge,,,,,
Scaly concrete,,,,20170418,13,,,stone,Vagelos patio,,,,,
Coated scaly concrete,,,,20170418,14,,,stone,Vagelos patio,,,,,
Concrete railing,,,,20170418,11,,,stone,Vagelos patio,,,,,
Blue checkered cushion,,,,,,20170312,8,fabric,West Chester,Seagate,Lab server,Yes,Alex,Opto data lost during processing
Formica countertop,,,,20170312,4,20170312,6,ceramic,West Chester,Seagate,Lab server,Yes,Alex,
Hairy rug,,,,20170312,10,20170312,9,carpet,West Chester,Seagate,Lab server,Yes,Alex,
Leather piano bench,,,,20170312,2,20170312,3,leather,West Chester,Seagate,Lab server,Yes,Alex,Stick data lost during processing
Thin blue cushion,,,,20170312,7,20170312,4,fabric,West Chester,Seagate,Lab server,Yes,Alex,
Walnut veneer table,,,,20170312,1,20170312,1,wood,West Chester,Seagate,Lab server,Yes,Alex,Yes
Stone stairs,,20170501,10,20170501,4,20170502,3,stone,DRL W wing,SSD,Seagate,Yes,Myles,
Gray floor tile,,20170501,11,20170501,5,20170502,4,tile,DRL W wing,SSD,Seagate,Yes,Myles,
Red floor tile,,20170501,13,20170501,2,20170502,6,tile,DRL W wing,SSD,Seagate,Yes,Myles,
White floor tile,,20170501,14,20170501,1,20170503,6,tile,DRL W wing,SSD,Seagate,Yes,Myles,
Porcelain tile,,20170501,12,20170501,3,20170502,5,tile,DRL W wing,SSD,Seagate,Yes,Myles,
Dark wood bench,,20170501,3,20170501,11,20170502,1,wood,DRL lobby,SSD,Seagate,Yes,Myles,
White pebbled floor tile,,20170501,4,20170501,12,20170502,2,tile,DRL lobby,SSD,Seagate,Yes,Myles,
Dirty steel table,,20170501,5,20170501,6,20170503,1,metal,DRL lobby,SSD,Seagate,Yes,Myles,
Chair with spiral pattern,,20170501,6,20170501,7,20170503,2,fabric,DRL lobby,SSD,Seagate,Yes,Myles,
Chair with flower pattern,,20170501,7,20170501,8,20170503,3,fabric,DRL lobby,SSD,Seagate,Yes,Myles,
Brown carpet,,20170501,8,20170501,9,20170503,4,carpet,DRL lobby,SSD,Seagate,Yes,Myles,
Maroon carpet,,20170501,9,20170501,10,20170503,5,carpet,DRL lobby,SSD,Seagate,Yes,Myles,
Carpet,,20170503,1,20170503,7,20170503,8,carpet,DRL classroom,SSD,Seagate,Yes,Myles,
Desk,,20170503,3,20170503,5,20170503,7,plastic,DRL classroom,SSD,Seagate,Yes,Myles,
Mesh chair,,20170503,2,20170503,6,20170503,9,other,DRL classroom,SSD,Seagate,Yes,Myles,
Wood table,,20170503,4,20170503,1,20170503,10,wood,DRL classroom,SSD,Seagate,Yes,Myles,
Computer stand,,20170503,5,20170503,2,20170503,11,metal,DRL classroom,SSD,Seagate,Yes,Myles,
Wood stairs,,20170503,7,20170503,4,20170503,13,wood,DRL classroom,SSD,Seagate,Yes,Myles,
Windowsill,,20170503,6,20170503,3,20170503,12,painted,DRL classroom,SSD,Seagate,Yes,Myles,
Bluish plastic table,,20170504,11,,,,,plastic,LRSM,SSD,Seagate,Yes,Myles,
Carpet,,20170504,10,,,,,carpet,LRSM 107,SSD,Seagate,Yes,Myles,
Imitation granite table,,20170504,1,,,,,plastic,LRSM,SSD,Seagate,Yes,Myles,
Kitchen counter,,20170504,12,,,,,ceramic,LRSM,SSD,Seagate,Yes,Myles,
Lacquered wood,,20170504,2,,,,,wood,LRSM,SSD,Seagate,Yes,Myles,
Pink speckled floor tile,,20170504,3,,,,,tile,LRSM,SSD,Seagate,Yes,Myles,
White speckled floor tile,,20170504,4,,,,,tile,LRSM,SSD,Seagate,Yes,Myles,
Dark gray floor tile,,20170504,5,,,,,tile,LRSM,SSD,Seagate,Yes,Myles,
Light gray floor tile,,20170504,6,,,,,tile,LRSM,SSD,Seagate,Yes,Myles,
Wall to wall carpeting,,20170504,7,,,,,carpet,LRSM,SSD,Seagate,Yes,Myles,
Plastic table,,20170504,9,,,,,plastic,LRSM,SSD,Seagate,Yes,Myles,
Green couch,,20170504,8,,,,,fabric,LRSM,SSD,Seagate,Yes,Myles,
Glossy soft book cover (blue),,,,20170508,10,20170508,3,paper,Haptics lab,SSD,Seagate,Yes,Myles,
Glossy soft book cover (green),,,,20170508,11,20170508,2,paper,Haptics lab,SSD,Seagate,Yes,Myles,
Glossy soft book cover (dark green),,,,20170508,12,20170508,1,paper,Haptics lab,SSD,Seagate,Yes,Myles,
Rough paper book cover (yellow),,,,20170508,1,20170508,9,paper,Haptics lab,SSD,Seagate,Yes,Myles,
Glossy soft book cover (red),,,,20170508,2,20170508,6,paper,Haptics lab,SSD,Seagate,Yes,Myles,
Glossy soft book cover (turquoise),,,,20170508,3,20170508,7,paper,Haptics lab,SSD,Seagate,Yes,Myles,
Hard book cover (blue),,,,20170508,4,20170508,,other,Haptics lab,SSD,Seagate,Yes,Myles,
Glossy hard book cover (grid pattern),,,,20170508,5,20170508,11,paper,Haptics lab,SSD,Seagate,Yes,Myles,
Glossy soft book cover (dark green),,,,20170508,6,20170508,12,paper,Haptics lab,SSD,Seagate,Yes,Myles,
Glossy soft book cover (dark blue),,,,20170508,7,20170508,,paper,Haptics lab,SSD,Seagate,Yes,Myles,
Leather book cover (black),,,,20170508,8,20170508,8,leather,Haptics lab,SSD,Seagate,Yes,Myles,
Hard book cover (light red),,,,20170508,9,20170508,5,other,Haptics lab,SSD,Seagate,Yes,Myles,
Slice of tree trunk,,20170516,1,,,,,wood,34th & Walnut food truck plaza,SSD,Seagate,Yes,Alex,
Green plaster pole,,20170516,10,,,,,painted,Levine loading dock,SSD,Seagate,Yes,Alex,
Glossy marble bench,,20170516,4,,,,,polishedstone,Annenberg (outside),SSD,Seagate,Yes,Alex,
Dark stone banister,,20170516,3,,,,,stone,Annenberg (outside),SSD,Seagate,Yes,Alex,
Marble banister,,20170516,2,,,,,polishedstone,ARCH Cafe (outside),SSD,Seagate,Yes,Alex,
Yellow plastic table,,20170516,5,,,,,plastic,34th & Walnut food court,SSD,Seagate,Yes,Alex,
Green marble counter,,20170516,6,,,,,polishedstone,34th & Walnut food court,SSD,Seagate,Yes,Alex,
Polished wood railing,,20170516,7,,,,,wood,34th & Walnut food court,SSD,Seagate,Yes,Alex,
Metal newspaper dispenser,,20170516,9,,,,,painted,34th & Walnut NE corner,SSD,Seagate,Yes,Alex,
Polished stone bench,,20170516,8,,,,,polishedstone,McNeil Center (outside),SSD,Seagate,Yes,Alex,
Painted metal floor divider,,20170518,1,20170518,2,20170518,4,painted,Fisher 3rd floor landing,SSD,Seagate,Yes,Myles,
Wood floorboard 1,,20170518,2,20170518,3,20170518,3,wood,Fisher 3rd floor landing,SSD,Seagate,Yes,Myles,
Wood floorboard 2,,20170518,3,20170518,4,20170518,2,wood,Fisher 3rd floor landing,SSD,Seagate,Yes,Myles,
Nubbly black chair,,20170518,4,20170518,5,20170518,1,plastic,Fisher 3rd floor landing,SSD,Seagate,Yes,Myles,
Red clay panel,,20170518,5,20170518,1,20170518,5,stone,Fisher 3rd floor landing,SSD,Seagate,Yes,Myles,
Light wood table,,20170519,1,20170519,7,20170519,7,wood,Hayden Hall 2nd floor hallway,SSD,Seagate,Yes,Myles,
Slightly darker wood table,,20170519,2,20170519,8,20170519,8,wood,Hayden Hall 2nd floor hallway,SSD,Seagate,Yes,Myles,
Chair desk (imitation wood),,20170519,3,20170519,9,20170519,9,plastic,Hayden Hall classroom,SSD,Seagate,Yes,Myles,
Another wood table,,20170519,4,20170519,10,20170519,10,wood,Hayden Hall classroom,SSD,Seagate,Yes,Myles,
Plastic wood table,,20170519,5,20170519,11,20170519,11,plastic,Hayden Hall seminar room,SSD,Seagate,Yes,Myles,
Green marble counter,,20170519,6,20170519,5,20170519,5,polishedstone,Hayden Hall mailroom,SSD,Seagate,Yes,Myles,
Paper slicer,,20170519,7,20170519,6,20170519,6,plastic,Hayden Hall mailroom,SSD,Seagate,Yes,Myles,
Striped fabric chair,,20170519,8,20170519,4,20170519,1,fabric,Hayden Hall 1st floor lounge,SSD,Seagate,Yes,Myles,
Flower patterned fabric bench,,20170519,9,20170519,3,20170519,2,fabric,Hayden Hall 1st floor lounge,SSD,Seagate,Yes,Myles,
Ramp floor,,20170519,10,20170519,2,20170519,3,other,Hayden Hall 1st floor lounge,SSD,Seagate,Yes,Myles,
Radiator top (painted wood),,20170519,11,20170519,1,20170519,4,painted,Hayden Hall entryway,SSD,Seagate,Yes,Myles,
Toy plastic airplane wing,,20170613,1,20170614,2,,,plastic,YCB,SSD,Vertical,Yes,Alex & Myles,
Mesh bag of wooden blocks,,20170613,2,20170614,1,,,other,YCB,SSD,Vertical,Yes,Alex & Myles,
Tuna can,,20170613,3,20170614,5,,,metal,YCB,SSD,Vertical,Yes,Alex & Myles,
Wooden peg board (back),,20170613,5,20170614,4,,,wood,YCB,SSD,Vertical,Yes,Alex & Myles,
Wooden block,,20170613,6,20170614,6,,,wood,YCB,SSD,Vertical,Yes,Alex & Myles,
Plastic jar cap,,20170613,4,20170614,3,,,plastic,YCB,SSD,Vertical,Yes,Alex & Myles,
Spongy rubber block,,20170615,7,20170615,1,20170615,1,other,YCB,SSD,Vertical,Yes,Alex & Myles,
Red metal plate,,20170615,6,20170615,2,20170615,2,painted,YCB,SSD,Vertical,Yes,Myles,
Scouring pad,,20170615,5,20170615,3,20170615,3,other,YCB,SSD,Vertical,Yes,Myles,
Plastic tub cover,,20170615,1,20170615,7,20170615,4,plastic,YCB,SSD,Vertical,Yes,Myles,
White linen tablecloth,,20170615,2,20170615,6,20170615,5,fabric,YCB,SSD,Vertical,Yes,Myles,
Sugar box,,20170615,4,20170615,5,20170615,6,paper,YCB,SSD,Vertical,Yes,Myles,
Cardboard box (peg box box),,20170615,3,20170615,4,20170615,7,paper,YCB,SSD,Vertical,Yes,Myles,
Black nylon turner,,20170621,1,20170621,1,20170621,1,plastic,YCB,SSD,,Yes,Alex,
Black T-shirt,,20170621,2,,,,,fabric,YCB,SSD,,Yes,Alex,